regione,capoluogo,popolazione_regione,popolazione_capoluogo,percorso_immagine
Abruzzo,L'Aquila,1311580,73118,/immagini/abruzzo.jpg
Basilicata,Potenza,562869,67068,/immagini/basilicata.jpg
Calabria,Catanzaro,1947131,91792,/immagini/calabria.jpg
Campania,Napoli,5801692,999103,/immagini/campania.jpg
Emilia-Romagna,Bologna,4459477,395380,/immagini/emilia_romagna.jpg
Friuli-Venezia Giulia,Trieste,1215220,204849,/immagini/friuli_venezia_giulia.jpg
Lazio,Roma,5879082,2873494,/immagini/lazio.jpg
Liguria,Genova,1550640,580223,/immagini/liguria.jpg
Lombardia,Milano,10060574,1399860,/immagini/lombardia.jpg
Marche,Ancona,1525271,101299,/immagini/marche.jpg
Molise,Campobasso,305617,49604,/immagini/molise.jpg
Piemonte,Torino,4356406,885114,/immagini/piemonte.jpg
Puglia,Bari,4029053,325776,/immagini/puglia.jpg
Sardegna,Cagliari,1639591,432366,/immagini/sardegna.jpg
Sicilia,Palermo,4999891,676118,/immagini/sicilia.jpg
Toscana,Firenze,3729641,382808,/immagini/toscana.jpg
Trentino-Alto Adige,Trento,1072276,117787,/immagini/trentino_alto_adige.jpg
Umbria,Perugia,882015,169140,/immagini/umbria.jpg
Valle d'Aosta,Aosta,125666,34062,/immagini/valle_daosta.jpg
Veneto,Venezia,4905905,260306,/immagini/veneto.jpg